{
  "users": [
    {
      "id": "32f7",
      "username": "Sairam",
      "dob": "2002-10-28",
      "mobile": "7730036422",
      "email": "saianumala02@gmail.com",
      "password": "123456"
    },
    {
      "id": "3b7a",
      "username": "Sai Anumala",
      "dob": "2002-10-28",
      "mobile": "7730036422",
      "email": "saianumala@gmail.com",
      "password": "123456"
    },
    {
      "id": "6e75",
      "username": "Sai Anumala",
      "dob": "2002-10-28",
      "mobile": "7730036422",
      "email": "saianumala@gmail.com",
      "password": "123456"
    }
  ],
  "admin": [
    {
      "username": "admin",
      "email": "admin@mail.com",
      "password": "admin@123",
      "id": "f4d1"
    }
  ],
  "books": [
    {
      "title": "Whispers of Eternity",
      "author": "Sophia Wilson",
      "image_link": "https://images.unsplash.com/photo-1516979187457-637abb4f9353?q=80&w=2070&auto=format&fit=crop",
      "rating": 3.8,
      "reviews": "8.2k",
      "availability": 0,
      "description": "A mystical journey into love, fate, and time.",
      "isbn": "978-0-262-13472-6",
      "pages": 412,
      "published": "1995-09-23",
      "genre": "Fantasy",
      "id": "d1c5"
    },
    {
      "title": "The Enchanted Realm",
      "author": "Vivian Laurent",
      "image_link": "https://images.unsplash.com/photo-1544938893-7a4452c20e2b?q=80&w=2070&auto=format&fit=crop",
      "rating": 4,
      "reviews": "850",
      "availability": 7,
      "description": "A journey through a fantastical world filled with magic and adventure.",
      "isbn": "978-9916888175",
      "pages": 320,
      "published": "2018-05-10",
      "genre": "Fantasy",
      "id": "58c6"
    },
    {
      "title": "Chronicles of the Lost City",
      "author": "David Grann",
      "image_link": "https://images.unsplash.com/photo-1532012197267-da84d127e765?q=80&w=2070&auto=format&fit=crop",
      "rating": 4.2,
      "reviews": "2.5k",
      "availability": 6,
      "description": "A historical account of a British explorer's quest to find a lost city in the Amazon.",
      "isbn": "978-0385535140",
      "pages": 432,
      "published": "2009-09-15",
      "genre": "Historical Adventure",
      "id": "9f80"
    },
    {
      "title": "The Last Ember",
      "author": "Sophia Wilson",
      "image_link": "https://images.unsplash.com/photo-1551024709-8f23befc6d1c?q=80&w=2070&auto=format&fit=crop",
      "rating": 4.1,
      "reviews": "1.1k",
      "availability": 4,
      "description": "A tale of a young girl's journey to save her village from an ancient curse.",
      "isbn": "978-9916888176",
      "pages": 300,
      "published": "2017-03-22",
      "genre": "Fantasy",
      "id": "3f1d"
    },
    {
      "title": "Echoes of the Forgotten",
      "author": "Lena Blackwood",
      "image_link": "https://images.unsplash.com/photo-1529655683826-aba9b3e77383?q=80&w=2070&auto=format&fit=crop",
      "rating": 4.3,
      "reviews": "950",
      "availability": 8,
      "description": "A story of a lost civilization and the secrets it holds.",
      "isbn": "978-9916888177",
      "pages": 310,
      "published": "2016-08-12",
      "genre": "Fantasy",
      "id": "783e"
    },
    {
      "title": "The Moonlit Path",
      "author": "Eleanor Frost",
      "image_link": "https://images.unsplash.com/photo-1519677100203-a0e668c92439?q=80&w=2070&auto=format&fit=crop",
      "rating": 4,
      "reviews": "800",
      "availability": 5,
      "description": "A mystical journey through a world where dreams and reality intertwine.",
      "isbn": "978-9916888178",
      "pages": 280,
      "published": "2015-11-18",
      "genre": "Fantasy",
      "id": "1e74"
    },
    {
      "title": "Shadows of the Past",
      "author": "Marcus Black",
      "image_link": "https://images.unsplash.com/photo-1507842217343-583bb7270b66?q=80&w=2070&auto=format&fit=crop",
      "rating": 4.4,
      "reviews": "1.3k",
      "availability": 3,
      "description": "A detective's quest to uncover the truth behind a series of mysterious events.",
      "isbn": "978-9916888179",
      "pages": 350,
      "published": "2014-06-25",
      "genre": "Mystery",
      "id": "039f"
    },
    {
      "title": "The Crystal Key",
      "author": "Isabella Moon",
      "image_link": "https://images.unsplash.com/photo-1481627834876-b7833e8f5570?q=80&w=2070&auto=format&fit=crop",
      "rating": 4.5,
      "reviews": "1k",
      "availability": 6,
      "description": "A young woman's discovery of a magical artifact that changes her destiny.",
      "isbn": "978-9916888180",
      "pages": 330,
      "published": "2013-09-14",
      "genre": "Fantasy",
      "id": "8e80"
    },
    {
      "title": "Wings of Destiny",
      "author": "Ava Storm",
      "image_link": "https://images.unsplash.com/photo-1506976785307-8732e854ad25?q=80&w=2070&auto=format&fit=crop",
      "rating": 4.2,
      "reviews": "900",
      "availability": 7,
      "description": "A tale of a young woman discovering her true potential in a world of magic.",
      "isbn": "978-9916888181",
      "pages": 340,
      "published": "2012-12-02",
      "genre": "Fantasy",
      "id": "ae84"
    },
    {
      "title": "The Silent Watcher",
      "author": "Liam Nightshade",
      "image_link": "https://images.unsplash.com/photo-1495446815901-a7297e633e8d?q=80&w=2070&auto=format&fit=crop",
      "rating": 4.3,
      "reviews": "1.4k",
      "availability": 4,
      "description": "A guardian's journey to protect a powerful secret from those who seek to exploit it.",
      "isbn": "978-9916888182",
      "pages": 360,
      "published": "2011-10-08",
      "genre": "Fantasy",
      "id": "e203"
    }
  ]
}